amplitude,t_on,baseline_D,peak_D,t_peak,rise_s,sustained_fraction,attack_occurred,mid_window_D,mid_over_peak,end_window_D,terminates_while_driven,r_global_mid
2.0,30.76,0.030673351697077203,0.11357660823175011,33.0,2.2399999999999984,nan,False,0.08595310630762107,0.7567852892052912,0.07298758371974261,False,0.2974783778190613
2.0,60.76,0.03162832656438283,0.0979475577561422,67.5,6.740000000000002,nan,False,0.07696296156232775,0.7857568205420771,0.08757307047049961,False,0.29683955226625713
2.0,90.76,0.03147053091164973,0.09716529133588879,96.0,5.239999999999995,nan,False,0.08410166686754768,0.8655525621470971,0.07679112470570856,False,0.2947659492492676
2.0,30.76,0.03845424055122857,0.09746238926358956,37.5,6.739999999999998,nan,False,0.09002926559603563,0.9237334142563358,0.06537987843429278,False,0.30275857874325346
2.0,60.76,0.042613512087559494,0.11901147396478438,66.0,5.240000000000002,nan,False,0.10337815204644533,0.8686402125986191,0.0731727269122923,False,0.3070886177676065
2.0,90.76,0.03106226124009632,0.09400475384656996,94.0,3.239999999999995,nan,False,0.08024706777487792,0.8536490389183223,0.0647705260220059,False,0.301497472184045
2.0,30.76,0.039802192559488206,0.09407099794322163,37.0,6.239999999999998,nan,False,0.07604922182132068,0.8084236745019082,0.07770350699402225,False,0.320550480059215
2.0,60.76,0.038094810586080476,0.08947365824229427,62.5,1.740000000000002,nan,False,0.07818028085338202,0.873779863137709,0.07691472987132038,False,0.3129472817693438
2.0,90.76,0.032496193442353,0.09608843911486184,98.0,7.239999999999995,nan,False,0.07047491315699009,0.7334380057183159,0.07947066450307205,False,0.3145288952759334
3.0,30.76,0.05474137497401316,0.2404242500118283,37.5,6.739999999999998,0.7142857142857143,True,0.21056221298061187,0.875794404974759,0.17739190950290767,False,0.5187944088663373
3.0,60.76,0.042749241536229714,0.24547542737712325,64.5,3.740000000000002,0.7142857142857143,True,0.21922006469710403,0.8930428069295785,0.17805496780703625,False,0.5170204298836845
3.0,90.76,0.04443098831304533,0.22984406248783032,95.5,4.739999999999995,0.7619047619047619,True,0.22156356007799757,0.9639733899575014,0.15961321599009565,False,0.5192188790866307
3.0,30.76,0.039297466449797466,0.241883549747338,35.5,4.739999999999998,0.7142857142857143,True,0.23330011543293236,0.9645141874122009,0.16082904072254053,False,0.5206644364765712
3.0,60.76,0.03811461677155834,0.23010974770455805,67.0,6.240000000000002,0.7142857142857143,True,0.19779298326763714,0.8595593417519497,0.17496622800989234,False,0.51996397120612
3.0,90.76,0.042797684634322555,0.23513504211502684,96.0,5.239999999999995,0.7142857142857143,True,0.22561858812044347,0.9595277083799021,0.17265416573898978,False,0.5181060688836234
3.0,30.76,0.03510259794850684,0.22892118228692424,38.0,7.239999999999998,0.7142857142857143,True,0.20251606469813213,0.8846541096590329,0.18140954905319184,False,0.5364468693733215
3.0,60.76,0.05286433033620187,0.22629369444155692,68.0,7.240000000000002,0.7142857142857143,True,0.19952082070681648,0.8816897050498468,0.18427514323936417,False,0.5356911591121128
3.0,90.76,0.04805103790589281,0.23878602151264014,98.0,7.239999999999995,0.7142857142857143,True,0.22273462776880174,0.9327791734115863,0.1767609833433068,False,0.5363084333283561
4.0,30.76,0.04284724925782796,0.3444360191246722,32.5,1.7399999999999984,0.7619047619047619,True,0.2917994240055983,0.8471803406251146,0.2816714146314735,False,0.7125115735190255
4.0,60.76,0.04710423249194866,0.3427548297292605,68.5,7.740000000000002,0.6666666666666666,True,0.25196197917207386,0.7351084720559495,0.2932507588324231,False,0.7115075758525303
4.0,90.76,0.039051878670246884,0.3575767522422241,92.5,1.7399999999999949,0.7619047619047619,True,0.286119571247846,0.8001626768342794,0.27980895659105864,False,0.7065972174916949
4.0,30.76,0.04481457946628476,0.3368544423186213,38.5,7.739999999999998,0.8095238095238095,True,0.2601149673163009,0.7721880273446574,0.29161163470569273,False,0.7328128814697266
4.0,60.76,0.046470721330028955,0.38395374907339647,63.0,2.240000000000002,0.8095238095238095,True,0.2720366152114175,0.7085140225038278,0.2875892655967241,False,0.7294169238635472
4.0,90.76,0.042032380742027295,0.3745579748859331,93.5,2.739999999999995,0.7619047619047619,True,0.2563371655967757,0.6843724677730862,0.2694196251126646,False,0.7337059123175484
4.0,30.76,0.05040665091558088,0.36327242352228517,33.0,2.2399999999999984,0.8095238095238095,True,0.3070100911178951,0.8451235800976272,0.3013507567063526,False,0.7372104525566101
4.0,60.76,0.0499257718473986,0.35152272076537977,62.5,1.740000000000002,0.8095238095238095,True,0.2859625356634839,0.8134965928826736,0.2961964719564059,False,0.7327926158905029
4.0,90.76,0.06520591943871268,0.35286481583801427,92.5,1.7399999999999949,0.7619047619047619,True,0.28883529298750704,0.8185437596025427,0.2931711877874821,False,0.7378673127719334
5.0,30.76,0.051515078692516224,0.42202069308607676,32.5,1.7399999999999984,0.42857142857142855,True,0.1999009933393025,0.4736758093009672,0.3247441415012375,False,0.8569747379847935
5.0,60.76,0.05980783566203149,0.43424501306767016,62.5,1.740000000000002,0.42857142857142855,True,0.21159346047082467,0.48726745064047794,0.3103255806874952,False,0.8555439370019096
5.0,90.76,0.060987255471525184,0.4069066975931403,92.5,1.7399999999999949,0.5238095238095238,True,0.21187932154891378,0.5207073828034372,0.3136453952581181,False,0.858751620565142
5.0,30.76,0.05893505231858269,0.37980457376611937,32.0,1.2399999999999984,0.38095238095238093,True,0.16050546493134912,0.4226001370646661,0.2842565950708009,False,0.876949497631618
5.0,60.76,0.05345274145354899,0.4132047974518623,62.0,1.240000000000002,0.3333333333333333,True,0.15678299595120945,0.37943169323796255,0.27362620629496803,False,0.874626066003527
5.0,90.76,0.05772859228003682,0.3954485318539173,92.0,1.2399999999999949,0.38095238095238093,True,0.1566353141035333,0.3960953233767371,0.2942413561566739,False,0.8750076038496835
5.0,30.76,0.04963783179835399,0.4044942581725684,32.0,1.2399999999999984,0.42857142857142855,True,0.15754344414327398,0.3894825228299325,0.3182536556715865,False,0.865192677293505
5.0,60.76,0.06342344657914008,0.4058557117391558,62.0,1.240000000000002,0.3333333333333333,True,0.1828743919229995,0.4505896717317439,0.3237766299762094,False,0.864527804510934
5.0,90.76,0.054601443547584234,0.40060772424718355,99.0,8.239999999999995,0.42857142857142855,True,0.17725383882905574,0.4424623593120893,0.29989015487932624,False,0.8637813925743103
6.0,30.76,0.062042532354190244,0.524340563870849,32.5,1.7399999999999984,0.3333333333333333,True,0.06827740512712797,0.13021576019807132,0.31690983123824207,False,0.9310816441263471
6.0,60.76,0.0584453917094777,0.45945151675506357,62.0,1.240000000000002,0.38095238095238093,True,0.057062021208133896,0.12419595784804865,0.307665341890744,False,0.9315788660730634
6.0,90.76,0.05454723555467583,0.4881835315569667,92.5,1.7399999999999949,0.3333333333333333,True,0.06889061750403933,0.14111622586760775,0.3138981551517434,False,0.9319937910352435
6.0,30.76,0.0644547709448063,0.48908717531626067,32.0,1.2399999999999984,0.3333333333333333,True,0.06556606380797439,0.13405803119981036,0.30282369371002316,False,0.9391216039657593
6.0,60.76,0.067096360475534,0.4388229903674023,62.0,1.240000000000002,0.3333333333333333,True,0.07117274389718335,0.16219009819333835,0.31628754278101184,False,0.9387073516845703
6.0,90.76,0.06970647270007657,0.4390317095833115,92.0,1.2399999999999949,0.38095238095238093,True,0.06496070422571534,0.1479635816906484,0.2979366700270181,False,0.9385748675891331
6.0,30.76,0.06517191101508217,0.4247142954590827,32.0,1.2399999999999984,0.38095238095238093,True,0.06923376197536116,0.16301255388760794,0.30666991535822996,False,0.9341570820127215
6.0,60.76,0.0685151791010396,0.4514136037198416,62.0,1.240000000000002,0.3333333333333333,True,0.06762830904830026,0.1498145126576027,0.30357467961890167,False,0.9341584614345005
6.0,90.76,0.06879155490412533,0.4355390490830587,92.0,1.2399999999999949,0.3333333333333333,True,0.0760235500919879,0.17455048003626872,0.2988308044393293,False,0.9336821266583034
7.5,30.76,0.0726069053063017,0.4751698015364373,32.0,1.2399999999999984,0.2857142857142857,True,0.01204929482360056,0.025357871616924686,0.3022734520181497,False,0.9681340966905866
7.5,60.76,0.07016425191555925,0.4843782008759005,62.0,1.240000000000002,0.2857142857142857,True,0.011638124801222756,0.024026937587565977,0.3034421057987545,False,0.968145992074694
7.5,90.76,0.07212694473842562,0.4683775941252468,92.0,1.2399999999999949,0.2857142857142857,True,0.012080625258704566,0.025792491806245835,0.3009019424588835,False,0.9681897163391113
7.5,30.76,0.07487599490127157,0.4676214929706282,32.0,1.2399999999999984,0.38095238095238093,True,0.011873764180275654,0.025391827276470925,0.2896519443776153,False,0.9720091564314706
7.5,60.76,0.07445568124877755,0.4876191227094945,62.0,1.240000000000002,0.2857142857142857,True,0.012759427153476,0.026166789937558697,0.29086220704074506,False,0.9719203625406537
7.5,90.76,0.07983407870859244,0.47226455056225713,92.0,1.2399999999999949,0.2857142857142857,True,0.012126512667441471,0.025677372254606416,0.2948854835894594,False,0.9718965206827436
7.5,30.76,0.0832086094194311,0.4543191653175061,39.0,8.239999999999998,0.38095238095238093,True,0.01340369961966142,0.029502826741403462,0.31278242854298777,False,0.9668407355036054
7.5,60.76,0.07536000362548269,0.47157113359145936,62.0,1.240000000000002,0.38095238095238093,True,0.017874322693138562,0.03790376768189503,0.31364091650811066,False,0.9669893213680812
7.5,90.76,0.07438392047330564,0.45294480165515066,99.5,8.739999999999995,0.3333333333333333,True,0.01764467380859418,0.03895546155760486,0.3161240946385737,False,0.9670490792819432
