geometry,amplitude,seed,n,dissonance,d_roughness,d_inharmonic,r_global,r_local,fragmentation,r_between,harmonic_purity,mean_incoherence,bifurcation_concentration,bifurcation_excess,branch_over_chain_mismatch,dissonance_intensive,defect_density,freq_spread_hz
tree,0.0,0,626,0.03152678172515373,0.03152678172515373,0.028637095769966543,0.06987777352333069,0.23539387843110665,0.16551610490777596,0.2619087453750808,0.15561123147677453,0.1948147416114807,1.578631467682261,1.2538838745492844,0.9198561181764995,0.5791158313613741,0.11648812879784502,0.14899623306053733
tree,0.0,1,626,0.02851326940038437,0.02851326940038437,0.016074837047529083,0.0655454620718956,0.22183621748316718,0.15629075541127158,0.24215451092147733,0.1770746528083202,0.1891866773366928,1.6696710951112042,1.3091036123934392,0.9173035227972804,0.5889975912916491,0.11376307711583036,0.12841183395325312
tree,0.0,2,626,0.03461501353136699,0.03461501353136699,0.02681969345468396,0.06290176510810852,0.23305471959108093,0.1701529544829724,0.21260674107416452,0.15033465917825714,0.20418164134025574,1.475008399198838,1.1666211712095795,0.8527666255436147,0.6468785305951844,0.12096723673494957,0.12222145027561034
tree,1.0,0,626,0.047049027592705,0.03434969984510841,0.047049027592705,0.13095183670520782,0.26708287542009496,0.13613103871488713,0.4520166289559723,0.19944501686600893,0.18864706158638,1.5972055025552794,1.265033362800927,0.9237043135318115,0.6658383444968112,0.1182421850529349,0.1279665911589351
tree,1.0,1,626,0.045646924137018444,0.036720561365856844,0.045646924137018444,0.15237417817115784,0.2728534381629407,0.12047925999178288,0.4759282728966957,0.23281289079375894,0.18212683498859406,1.6593861138943997,1.321192858251363,0.8574933689442477,0.6195968958452986,0.11482803984213494,0.12459834429631415
tree,1.0,2,626,0.04969776562804934,0.03642966375360991,0.04969776562804934,0.14958800375461578,0.27146166756823226,0.12187366381361647,0.4966809143261344,0.21340067603867477,0.19812250137329102,1.4550317230005596,1.1640318335870976,0.8356493179232625,0.6813831863247607,0.12500783060828166,0.12834380490085448
tree,2.0,0,626,0.07975765996493231,0.07385545229685447,0.07975765996493231,0.29970449209213257,0.3703870756892558,0.0706825835971232,0.7897527734924858,0.35429973077391314,0.18848492205142975,1.6058596809469756,1.3022349452771973,0.9684938766740672,0.5848723536225118,0.13136628453298252,0.09863256577753857
tree,2.0,1,626,0.07878894965976779,0.07878894965976779,0.07093477728955047,0.3026649057865143,0.36448926270704063,0.06182435692052635,0.8042598302768873,0.33443744659166585,0.18142297863960266,1.5840774280307257,1.284034092367353,0.8774322595202303,0.596074593130766,0.12190690972874772,0.0857341253947283
tree,2.0,2,626,0.08238960084231035,0.07492385145724548,0.08238960084231035,0.31447893381118774,0.37985224380830124,0.0653733099971135,0.8108971153825155,0.39336730897698385,0.1989136040210724,1.561927096747402,1.2724955969762075,0.9164375383845719,0.574032737421277,0.1359706822025935,0.10685187064803385
tree,2.5,0,626,0.1427568169671402,0.1427568169671402,0.06855682713058364,0.40647074580192566,0.46402889930516955,0.05755815350324389,0.8715127332701976,0.47055201385454337,0.18078629672527313,1.5347707102710633,1.2466879440338852,0.9470638798877639,0.665659940244075,0.12341038651882479,0.06732118311094731
tree,2.5,1,626,0.14020614442953047,0.14020614442953047,0.05600771589766617,0.40934425592422485,0.4543352261375152,0.04499097021329035,0.8939775579315302,0.4869182238780486,0.179226353764534,1.6200370247986045,1.3258334943725263,0.9290949369699726,0.6823167217238655,0.12425609221324313,0.056167118604509174
tree,2.5,2,626,0.13586641258614474,0.13586641258614474,0.06404443890155448,0.41949430108070374,0.4686145838754264,0.04912028279472269,0.8992178276919562,0.5219847127240637,0.188215970993042,1.5650291433201724,1.2967432072779426,0.9128149284554383,0.6212797805021965,0.13111570506796968,0.07885548698924583
tree,3.0,0,626,0.1884433238359033,0.1884433238359033,0.05748649700506892,0.5169675946235657,0.5572707066221628,0.04030311199859715,0.9160818043227105,0.6104406239530361,0.16457463800907135,1.5632530649329466,1.277683531632878,0.9864516882468586,0.6087127796316597,0.10825032888554784,0.05241306439177684
tree,3.0,1,626,0.20008995245001118,0.20008995245001118,0.022961766462196418,0.5184134244918823,0.5526280666852491,0.034214642193366784,0.9465086811272475,0.6087759664685618,0.16312099993228912,1.6174011344099029,1.3460671185019033,0.9142499509883095,0.6576046441721072,0.10900206728058635,0.023767848407797505
tree,3.0,2,626,0.16372065444155884,0.16372065444155884,0.04429420676378542,0.5361154079437256,0.5721302044812576,0.036014796537532034,0.9440399792964371,0.6682130977404326,0.17099885642528534,1.433260449893298,1.2140323151854124,0.8759088840837068,0.5019099241643925,0.11962037211050554,0.05095212328739933
tree,3.5,0,626,0.2221267460100996,0.2221267460100996,0.013717469895086076,0.6125484108924866,0.6429880721318059,0.030439661239319293,0.9511944128995101,0.7156382628358358,0.14389483630657196,1.501833410970337,1.2562787831641304,1.012423838115121,0.5388844625274747,0.09155547202906722,0.018072348415210073
tree,3.5,1,626,0.2256380651721791,0.2256380651721791,0.009797378535704946,0.626202404499054,0.6530883426541068,0.026885938155052802,0.9660691685003024,0.7204233219125709,0.14142858982086182,1.544119163850585,1.300963827106392,0.9044700244919791,0.5303893754520762,0.0902712522708764,0.013625058986744753
tree,3.5,2,626,0.23024134166510632,0.23024134166510632,0.02193155133429277,0.641781210899353,0.6715610014204544,0.029779790521101357,0.9713632515305417,0.7694181169917392,0.13822318613529205,1.3963013636259487,1.1667877686786439,0.7776650953154509,0.5121997769165161,0.08554156486875901,0.024407201836062833
tree,4.0,0,626,0.2649798191272583,0.2649798191272583,0.011567096079897131,0.7124208807945251,0.7407438570363293,0.028322976241804132,0.9664635734332733,0.8008930345310301,0.11292868852615356,1.4475815663103444,1.244465935964226,0.9591614671410639,0.48430174678138876,0.06305205788385641,0.013672126885874282
tree,4.0,1,626,0.19043370336752177,0.19043370336752177,0.0021817720623216103,0.7317346930503845,0.7529950197077719,0.02126032665738742,0.9837578613698885,0.8006931078337731,0.10860273987054825,1.4493660058625477,1.248515656111003,0.8612045546840383,0.33663402317881513,0.060358328634968365,0.0060179119968062095
tree,4.0,2,626,0.22945909937730313,0.22945909937730313,0.005773642396178248,0.7343854904174805,0.7519867968982946,0.01760130648081415,0.984275307804905,0.8486343401100482,0.1070423573255539,1.2547085905618918,1.0663382533173191,0.7375702132962124,0.4066592239482028,0.05907410887677755,0.010566469427680972
tree,5.0,0,626,0.09976245837626137,0.09976245837626137,0.001160900147680526,0.8579807877540588,0.8767977558119955,0.018816968057936645,0.9847649633705559,0.8942018942015005,0.05471186712384224,1.4308215293581168,1.230452667447369,0.9338629450524563,0.12999821405985693,0.01982710016914114,0.00413981507445309
tree,5.0,1,626,0.06682593317151524,0.06682593317151524,0.00012687647381256606,0.8760893940925598,0.8895790767648265,0.01348968267226669,0.9916138406482419,0.8864333325588127,0.04861493408679962,1.2775665018349394,1.0912621234456965,0.7329234334604676,0.08459580378482985,0.019138006640355823,0.0012705212421490586
tree,5.0,2,626,0.09443275710780302,0.09443275710780302,0.0003802356210433272,0.8643782734870911,0.8751602345789207,0.010781961091829606,0.9916200708259125,0.9312610300768016,0.05460632964968681,1.251952054871233,1.0654094012467912,0.7361487583815114,0.12352612490978414,0.02048487126479985,0.0022782728359267528
tree,6.0,0,626,0.04546012444307955,0.04546012444307955,0.00020753875697007235,0.9316588044166565,0.9439203983461092,0.012261593929452697,0.9921701755414601,0.930266664737952,0.02413090504705906,1.2437765597853525,1.0373698179304807,0.819915524523186,0.05111134143375068,0.0031009208795339223,0.00158087396625596
tree,6.0,1,626,0.015812244295334513,0.015812244295334513,6.342435465886593e-06,0.9387052655220032,0.9480928727049076,0.009387607182904434,0.995623948064503,0.9251847416336736,0.02282339707016945,1.2758434606337277,1.0865067944989488,0.74809750133166,0.017619671165264725,0.003696047108939422,0.0002673911435349979
tree,6.0,2,626,0.027163722617496795,0.027163722617496795,4.15972677041755e-05,0.9339078068733215,0.9431193355380151,0.009211528664693547,0.99605102925446,0.9620210242328043,0.024536775425076485,1.2284914131019513,1.0555726754706705,0.7169394090548858,0.030589694038392467,0.003790014408319238,0.0006921819415766423
tree,8.0,0,626,0.0015959867120348046,0.0015959867120348046,6.453510167534676e-08,0.9731128215789795,0.9786373015836775,0.0055244800046979625,0.9968966950352913,0.9524310320292853,0.009602518752217293,1.3168481487712935,1.1018022363155633,0.8466138966849783,0.0016690500888876564,0.0,2.4809124807340402e-05
tree,8.0,1,626,0.0017960963293626364,0.0017960963293626364,7.551021524094129e-08,0.976286768913269,0.9810728705305172,0.0047861016172481285,0.9982740113925795,0.9490929119623297,0.008922621607780457,1.2921427274057329,1.0899968130805449,0.7694447306573247,0.00186898199963138,0.0,2.7212154770613012e-05
tree,8.0,2,626,0.0031578111789943575,0.0031578111789943575,2.19036178635809e-07,0.972785234451294,0.9778285510691892,0.005043316617895255,0.9984841349296102,0.9765712537101927,0.009904064238071442,1.2976678004006896,1.1119164828516617,0.7251328324539981,0.003307821053584032,0.0,4.6220511707716694e-05
lattice,0.0,0,625,0.05590441522565982,0.05590441522565982,0.04331308503215283,0.052957020699977875,0.29232745449688835,0.23937043379691048,0.2051529868579017,0.1784527307398091,0.39438772201538086,nan,nan,nan,0.6653380781175416,0.3180235294117647,0.14785681256785696
lattice,0.0,1,625,0.05617557074833237,0.05617557074833237,0.019148206422124236,0.05221656337380409,0.2870791255497948,0.23486256217599072,0.18021265221393964,0.16365892471144095,0.38126301765441895,nan,nan,nan,0.6986610708890983,0.30020392156862746,0.11946510826101468
lattice,0.0,2,625,0.04439390771756862,0.04439390771756862,0.02300416533701882,0.05742032825946808,0.26720767867083295,0.20978735041136487,0.22778397542611326,0.14831138041676115,0.39933446049690247,nan,nan,nan,0.6358164429510549,0.3276235294117647,0.13559005686337938
lattice,1.0,0,625,0.04468620014833187,0.04327464392463997,0.04468620014833187,0.13439765572547913,0.3017790706778654,0.1673814149523863,0.4192251794240895,0.17924370606803228,0.40157926082611084,nan,nan,nan,0.49617239677877345,0.3354980392156863,0.129665439857969
lattice,1.0,1,625,0.06156804607410965,0.053034991668292876,0.06156804607410965,0.1535681039094925,0.3156111220556937,0.1620430181462012,0.46473582571929006,0.18435299838218,0.3851059377193451,nan,nan,nan,0.6269349550225713,0.31099607843137256,0.12770667616667195
lattice,1.0,2,625,0.07198844405922389,0.04838079877681954,0.07198844405922389,0.1528121381998062,0.3267179752809195,0.1739058370811133,0.4009066188658977,0.19415530870568098,0.3908989131450653,nan,nan,nan,0.6820256472784264,0.3159843137254902,0.1452559670325387
lattice,2.0,0,625,0.10750983379684913,0.07936996084519626,0.10750983379684913,0.3063553273677826,0.40618395721913203,0.09982862985134944,0.7407083503416568,0.37315039385517573,0.37485232949256897,nan,nan,nan,0.6570382422232108,0.301678431372549,0.11379019273283245
lattice,2.0,1,625,0.10641695335738048,0.08237443991705312,0.10641695335738048,0.3326166272163391,0.41467783863170815,0.08206121141536904,0.7888588340773375,0.3885286734691713,0.3686056137084961,nan,nan,nan,0.6231761932239845,0.29138823529411767,0.10976552217089895
lattice,2.0,2,625,0.10898300505967842,0.09257303428656403,0.10898300505967842,0.3444172441959381,0.4233904949013541,0.078973250705416,0.7716589429211804,0.3967732955604778,0.3741716742515564,nan,nan,nan,0.6124851600101922,0.3004862745098039,0.11224335347877983
lattice,2.5,0,625,0.14122525653438664,0.14122525653438664,0.08121345584813965,0.4218685030937195,0.49205279655039175,0.07018429345667226,0.8556791326445126,0.5388908916073385,0.3474549353122711,nan,nan,nan,0.5854105374550134,0.2636235294117647,0.08100343257267503
lattice,2.5,1,625,0.14057999256022888,0.14057999256022888,0.09653317029650611,0.4262886643409729,0.49218103164008026,0.06589236729910736,0.8467248662188057,0.4994528293421779,0.3339976668357849,nan,nan,nan,0.5831757456937163,0.24734117647058823,0.09328413368683096
lattice,2.5,2,625,0.14487514314811695,0.14487514314811695,0.09215601530497801,0.448075532913208,0.5101835421412751,0.06210800922806714,0.8430294162225639,0.5579611040700467,0.33881497383117676,nan,nan,nan,0.559474360290402,0.25129411764705883,0.0929921057714175
lattice,3.0,0,625,0.18650551316151803,0.18650551316151803,0.0357200563763207,0.5325945615768433,0.5820903346453291,0.04949577306848585,0.9257426480769254,0.6852316275285671,0.3004663288593292,nan,nan,nan,0.5523981234476759,0.20426666666666668,0.06194989120268831
lattice,3.0,1,625,0.21453007585550543,0.21453007585550543,0.041084933931604506,0.5387614965438843,0.5866101327021586,0.04784863615827428,0.9270310587527052,0.6595157597033983,0.29162928462028503,nan,nan,nan,0.6254355072525976,0.19523137254901962,0.03339390248583117
lattice,3.0,2,625,0.24674309198863334,0.24674309198863334,0.04609001136600282,0.5624521374702454,0.5997977601377078,0.03734562266746244,0.9105271823683099,0.7042243951118959,0.28827667236328125,nan,nan,nan,0.6880887397655897,0.1855686274509804,0.033357202451160486
lattice,3.5,0,625,0.23738130707839858,0.23738130707839858,0.011191969439993866,0.651260256767273,0.6915935843961803,0.0403333276289074,0.9595778568699649,0.8043045792813368,0.23660092055797577,nan,nan,nan,0.49809791548955723,0.12508235294117648,0.01570135923290558
lattice,3.5,1,625,0.21600458917359347,0.21600458917359347,0.005148343382836215,0.6554954051971436,0.6916385613908566,0.036143156193713,0.9611432097401521,0.7930893610227477,0.22949934005737305,nan,nan,nan,0.45273590345215414,0.11927843137254902,0.008515352810127528
lattice,3.5,2,625,0.23747306240953775,0.23747306240953775,0.008281776538679137,0.6715500354766846,0.6999144164087323,0.02836438093204774,0.9387896067748168,0.8231595339730207,0.22550275921821594,nan,nan,nan,0.48599315978658714,0.11046274509803922,0.011834134727088007
lattice,4.0,0,625,0.1668148422994756,0.1668148422994756,0.0022543232603168552,0.7493449449539185,0.7805544126439394,0.031209467690020976,0.9739875117467254,0.8772833684539665,0.16971030831336975,nan,nan,nan,0.2744852558519709,0.059074509803921565,0.006480846304931282
lattice,4.0,1,625,0.12540403491993005,0.12540403491993005,0.0006664064867200317,0.7642554044723511,0.7963834835094421,0.03212807903709103,0.9755770161191604,0.8872599156470585,0.16002856194972992,nan,nan,nan,0.19809322331910892,0.0571921568627451,0.00320009565300352
lattice,4.0,2,625,0.18625307846260833,0.18625307846260833,0.0026537512100304104,0.7697965502738953,0.7924385980037952,0.022642047729899972,0.9591705165738664,0.8947469406011005,0.16015498340129852,nan,nan,nan,0.29721802965982774,0.04978823529411765,0.006817478171808314
lattice,5.0,0,625,0.07162988953269935,0.07162988953269935,0.00021797765263285415,0.8836483955383301,0.9020233856921719,0.018374990153841808,0.9827331632110575,0.949669723930734,0.07164110988378525,nan,nan,nan,0.08819623870028923,0.005552941176470589,0.001683906532705566
lattice,5.0,1,625,0.030707223094952902,0.030707223094952902,2.542299511308566e-05,0.9003223776817322,0.9232252086138386,0.022902830932106433,0.9879751764176472,0.9596646327172667,0.06106138229370117,nan,nan,nan,0.036088704177430556,0.00407843137254902,0.0005477680599449958
lattice,5.0,2,625,0.043671822401434364,0.043671822401434364,5.035824035774194e-05,0.8958413600921631,0.912522062068342,0.01668070197617888,0.9776976964463425,0.9629088343669845,0.0674862414598465,nan,nan,nan,0.05253825676989257,0.003952941176470588,0.0007896977159606515
lattice,6.0,0,625,0.00379647163173666,0.00379647163173666,3.216432189251595e-07,0.94394451379776,0.956973275073078,0.013028761275317935,0.9908942781240223,0.9790666127384005,0.03151819482445717,nan,nan,nan,0.00415206413774348,3.137254901960784e-05,5.735829527906108e-05
lattice,6.0,1,625,0.00826405329305378,0.00826405329305378,2.698130525500862e-06,0.9484908580780029,0.9621447637121531,0.013653905634150143,0.9931108402842389,0.980639648674675,0.02912379801273346,nan,nan,nan,0.00894109208783824,0.0,0.00017119715279752043
lattice,6.0,2,625,0.021765008752772395,0.021765008752772395,1.4346796138467475e-05,0.9462708830833435,0.9538563383381847,0.007585455254841222,0.9870720498385541,0.9838344115748776,0.03364228829741478,nan,nan,nan,0.02396014862300298,0.0004392156862745098,0.00040294575606124474
lattice,8.0,0,625,0.002270332321506741,0.002270332321506741,1.0494973284482478e-07,0.9750828742980957,0.98115020488734,0.006067330589244246,0.9962608102111388,0.9922878537543375,0.013888604938983917,nan,nan,nan,0.0023621048315333806,0.0,3.296647355543722e-05
lattice,8.0,1,625,0.0020950150773888843,0.0020950150773888843,1.580065985586951e-07,0.9775060415267944,0.9836953296468297,0.0061892881200352745,0.9969366950582101,0.9928613235118784,0.012546854093670845,nan,nan,nan,0.0021684227014420548,0.0,3.230758566957013e-05
lattice,8.0,2,625,0.002848313302652568,0.002848313302652568,1.8599010561154987e-07,0.9765300154685974,0.9809501873664573,0.004420171897859926,0.9940324819792807,0.9937963934323547,0.014315016567707062,nan,nan,nan,0.0029646433057086783,0.0,4.084782706003751e-05
hierarchical,0.0,0,607,0.08788885178146659,0.08788885178146659,0.0433780773544926,0.04381853714585304,0.34047034971801254,0.2966518125721595,0.15059874239885593,0.19264044668905664,0.44813740253448486,nan,nan,nan,0.7703860757431477,0.40882514455535096,0.048301599665204434
hierarchical,0.0,1,607,0.08497808135877082,0.08497808135877082,0.03943284766335071,0.06441153585910797,0.34068332778505844,0.27627179192595047,0.17031616242289302,0.19908764206339966,0.43487733602523804,nan,nan,nan,0.7427942056106684,0.3916723196692186,0.05561307435229514
hierarchical,0.0,2,607,0.07457741995673871,0.07457741995673871,0.03843501496079442,0.05917291343212128,0.31794413364546525,0.258771220213344,0.1881261644828797,0.15660005392318874,0.44262585043907166,nan,nan,nan,0.7481499846302647,0.40265529605581935,0.05512374034002003
hierarchical,1.0,0,607,0.06459792042231141,0.06459792042231141,0.05795219802719714,0.16058142483234406,0.32667590541028346,0.1660944805779394,0.4075838426727098,0.2079553683731253,0.4435463547706604,nan,nan,nan,0.6133996098240254,0.4033659592337759,0.090574348205393
hierarchical,1.0,1,607,0.077695328716139,0.077695328716139,0.05676569013793719,0.16767241060733795,0.3361310935461914,0.16845868293885347,0.41675210431555926,0.2092391716622513,0.4386865198612213,nan,nan,nan,0.6955421081613946,0.39929579739638854,0.07600297069367723
hierarchical,1.0,2,607,0.06705161801842345,0.05897576486096736,0.06705161801842345,0.1695488840341568,0.3349786212227959,0.16542973718863913,0.4464793822102398,0.22378723307215068,0.4367487132549286,nan,nan,nan,0.6054734073581748,0.39199534838647154,0.10482586770953309
hierarchical,2.0,0,607,0.12343533397526249,0.08805782050452735,0.12343533397526249,0.34033191204071045,0.4159275058038838,0.07559559376317337,0.7602326313567337,0.39154562299550033,0.4136551022529602,nan,nan,nan,0.7173021701457257,0.35361953677681945,0.11270324320204732
hierarchical,2.0,1,607,0.1269315303025024,0.08982944021174079,0.1269315303025024,0.3455521762371063,0.4368710107919979,0.09131883455489159,0.7391053010234607,0.3983973960230928,0.4057629406452179,nan,nan,nan,0.6684710827709073,0.3454146073585942,0.1202437871045498
hierarchical,2.0,2,607,0.0944189208739519,0.09405709204173435,0.0944189208739519,0.3559878468513489,0.4141586162439688,0.05817076939261995,0.7981244297163482,0.3980446154208905,0.40795889496803284,nan,nan,nan,0.5535712086850209,0.3479988370966179,0.09274297881254201
hierarchical,2.5,0,607,0.15935905216129068,0.15935905216129068,0.09700842659741198,0.44927868247032166,0.4933717400571948,0.04409305758687315,0.8747296345911919,0.53494163854646,0.37628409266471863,nan,nan,nan,0.6569704622665198,0.29137190296217336,0.0719596167102164
hierarchical,2.5,1,607,0.1489126656168975,0.1489126656168975,0.10877825961963211,0.4508761763572693,0.49337674259112985,0.04250056623386056,0.862376319387671,0.5220329391455621,0.37023282051086426,nan,nan,nan,0.6141198731229599,0.28332848790257453,0.08459342628994912
hierarchical,2.5,2,607,0.16767297691309277,0.16767297691309277,0.08047432485097183,0.465013325214386,0.49932231768507246,0.03430899247068647,0.9011028424110664,0.5609736909725357,0.36828315258026123,nan,nan,nan,0.674066429966412,0.2816487385728591,0.05681036077945957
hierarchical,3.0,0,607,0.23668222757832,0.23668222757832,0.04098401748557333,0.5660423040390015,0.5874140313389392,0.02137172729993775,0.9494798171478328,0.7019826891862907,0.32544925808906555,nan,nan,nan,0.6876907884711392,0.2140065251800885,0.033133871655171954
hierarchical,3.0,1,607,0.241641049850752,0.241641049850752,0.06536708833410206,0.5716598033905029,0.5891701749741579,0.017510371583654982,0.935803686707992,0.6724361238831976,0.3096768856048584,nan,nan,nan,0.6982376872219017,0.19743515198501146,0.04244276515517921
hierarchical,3.0,2,607,0.20951458132655804,0.20951458132655804,0.035025433943470415,0.5890533924102783,0.6055880373235769,0.01653464491329859,0.95408390500629,0.7055725127831426,0.3010440468788147,nan,nan,nan,0.5728795916699521,0.18619375262460833,0.04031994344983378
hierarchical,3.5,0,607,0.18487760314552654,0.18487760314552654,0.009457072484266374,0.6838743090629578,0.6916954832527199,0.007821174189762137,0.9788606325664344,0.8225107052856089,0.24649187922477722,nan,nan,nan,0.3874335345293335,0.10911910068805117,0.015922699431942508
hierarchical,3.5,1,607,0.22894267532565343,0.22894267532565343,0.006164027576188751,0.6908581256866455,0.6926684481095448,0.0018103224228992465,0.98173063271638,0.8088761703116905,0.23852920532226562,nan,nan,nan,0.47842819331347347,0.10976515812255709,0.009748104703527546
hierarchical,3.5,2,607,0.2234228571701475,0.2234228571701475,0.011607616366624822,0.6911052465438843,0.7039693062450035,0.012864059701119257,0.9747299347395423,0.8132477448337431,0.2359742522239685,nan,nan,nan,0.45182954518619844,0.10378912685337727,0.01570697963443576
hierarchical,4.0,0,607,0.17211861729154443,0.17211861729154443,0.0024904751583957547,0.77713942527771,0.7801438056985311,0.0030043804208211844,0.9894177836075034,0.8857176257955887,0.17306114733219147,nan,nan,nan,0.2835104676561244,0.04800206738379042,0.007024632342535874
hierarchical,4.0,1,607,0.16660460097808766,0.16660460097808766,0.001649644244056448,0.7917918562889099,0.792727454703436,0.0009355984145260621,0.9879308848955038,0.8948925057895508,0.16444095969200134,nan,nan,nan,0.2656608416642317,0.042542882062215334,0.00520847147647622
hierarchical,4.0,2,607,0.15125896507831985,0.15125896507831985,0.0018589309926748052,0.793414294719696,0.8012861982958323,0.007871903576136208,0.985659576458964,0.8900350123535778,0.15871305763721466,nan,nan,nan,0.2361376864403266,0.03979713796556514,0.0056784453607192625
hierarchical,5.0,0,607,0.03564896399081666,0.03564896399081666,3.998048466533868e-05,0.904543399810791,0.9084418739352415,0.003898474124450435,0.9964283361755427,0.9537688259214944,0.07080981880426407,nan,nan,nan,0.04327213162516495,0.003165681429079045,0.0007071845330467262
hierarchical,5.0,1,607,0.038469150548725566,0.038469150548725566,4.236808823784809e-05,0.917770504951477,0.9210377659381728,0.003267260986695719,0.996298831256745,0.9591808498951333,0.06391152739524841,nan,nan,nan,0.045420466180111606,0.0011629033821106696,0.0007121522255348175
hierarchical,5.0,2,607,0.04983454001517043,0.04983454001517043,7.392989214626132e-05,0.904729425907135,0.908940339768228,0.0042109138610929575,0.9943270027632392,0.9547119204112204,0.07127012312412262,nan,nan,nan,0.06041920227732745,0.002390412507671932,0.0009562830085590689
hierarchical,6.0,0,607,0.003514423088350409,0.003514423088350409,3.289697050165022e-07,0.9529697895050049,0.9551184875490762,0.002148698044071362,0.9986210938273394,0.9751070448919763,0.034000884741544724,nan,nan,nan,0.003858519521048695,9.690861517588914e-05,5.587647105239437e-05
hierarchical,6.0,1,607,0.006308461562714138,0.006308461562714138,1.4091617025874008e-06,0.9581021666526794,0.9600145469080532,0.001912380255373769,0.9984462768467247,0.9790507677412382,0.03201670199632645,nan,nan,nan,0.006855684026198605,0.0,0.00012580716687400373
hierarchical,6.0,2,607,0.0328136705746736,0.0328136705746736,3.658682838402033e-05,0.9516758322715759,0.9512052811150743,-0.0004705511565016307,0.997259408208574,0.9767885349246952,0.035879116505384445,nan,nan,nan,0.03632681591906533,0.00012921148690118553,0.0006430474849574828
hierarchical,8.0,0,607,0.002064788083723513,0.002064788083723513,1.224029946029958e-07,0.9785111546516418,0.9787710018205817,0.00025984716893989734,0.9994770340158045,0.9880613678724346,0.015711478888988495,nan,nan,nan,0.0021587011707093237,0.0,3.0071736393259783e-05
hierarchical,8.0,1,607,0.002300614826789512,0.002300614826789512,1.2309314791728293e-07,0.9806007146835327,0.9814415084611474,0.0008407937776147012,0.999391645818528,0.9894632821717583,0.014859936200082302,nan,nan,nan,0.0023921744212654947,0.0,3.4116309906755054e-05
hierarchical,8.0,2,607,0.002606748838342207,0.002606748838342207,1.424951775919102e-07,0.978240430355072,0.9784240214558177,0.00018359110074572804,0.9987677704339732,0.9883027988097463,0.016013674437999725,nan,nan,nan,0.0027272340581319912,0.0,3.746436040723696e-05
